case_ref,case_id,family,policy_types,cut_count,cut_times,cuts_before_hypothesis,cuts_at_or_after_outcome,timing_compatible_cuts,classified_anchor_in_original_cuts,hypothesis_at,outcome_at,hypothesis_source_ids,outcome_source_ids,outcome,mapping_rationale,mapped_at,numeric_target_defined,horizon_defined,target_met,horizon_met,outcome_complete,contradiction_open,clean_attribution,confidence_semantics,calibration_blockers,performance_eligible,calibration_eligible,evidence_refs,related_cases
C01,bis-semiconductor-controls-2022,batch001,EXPORT_CONTROL,4,2022-10-06T23:59:59Z;2022-10-07T00:00:00Z;2022-10-11T23:59:59Z;2022-10-20T23:59:59Z,2,0,2,False,2022-10-07T23:59:59Z,2024-08-28T23:59:59Z,bis-2022-10-07-hypothesis,bis-nvidia-2024-08-28-outcome,PARTIAL_REALIZATION,"Restricted advanced-computing shipments faced licensing barriers and NVIDIA reported no licenses for specified restricted China products plus a China Data Center revenue share below pre-control levels, but subsequent 2023 control updates and product redesign/adaptation prevent clean attribution to the October 2022 rule alone.",2026-09-26T19:45:00Z,False,False,null,null,True,False,False,TARGET_OR_OBJECTIVE,NO_PRECOMMITTED_CONFIDENCE_SOURCE;NO_SOURCE_GROUNDED_CONFIDENCE_VALUE,False,False,F15;F45;F47;F44;F29;F22;F36;F43,C03
C02,black-sea-grain-corridor-2022,batch002,SHIPPING_DISRUPTION,4,2022-07-22T23:59:58Z;2022-07-22T23:59:59Z;2022-08-03T23:59:58Z;2022-08-03T23:59:59Z,2,0,2,False,2022-07-26T23:59:59Z,2022-08-05T23:59:59Z,bsgi-imf-2022-07-26-hypothesis,bsgi-fao-2022-08-05-prices;bsgi-un-2022-11-01-tonnage;bsgi-un-2023-05-26-series,PARTIAL_REALIZATION,"The corridor restored large physical export flows and food-price indicators moved in the direction consistent with reduced logistics pressure, but FAO identified multiple contributing market/seasonal factors and the hypothesis lacked a numeric success target.",2026-09-26T12:47:00Z,False,False,null,null,True,False,False,QUALITATIVE_RISK,NO_PRECOMMITTED_CONFIDENCE_SOURCE;NO_SOURCE_GROUNDED_CONFIDENCE_VALUE,False,False,F15;F45;F47;F44;F24;F17;F31;F38,C14;C15;C16
C03,china-gallium-germanium-controls-2023,batch002,EXPORT_CONTROL,3,2023-07-03T09:59:59Z;2023-07-03T10:00:00Z;2023-07-31T23:59:59Z,2,0,1,False,2023-07-11T23:59:59Z,2024-01-30T23:59:59Z,gagermanium-iea-2023-07-11-hypothesis,gagermanium-usgs-2024-01-30-gallium;gagermanium-usgs-2024-01-30-germanium,PARTIAL_REALIZATION,"Post-control export interruption and price pressure are consistent with the IEA concentration-risk mechanism, but USGS also identified demand conditions and other market factors alongside availability concerns, so clean single-cause attribution is not asserted.",2026-09-26T14:03:00Z,False,False,null,null,True,False,False,QUALITATIVE_RISK,NO_PRECOMMITTED_CONFIDENCE_SOURCE;NO_SOURCE_GROUNDED_CONFIDENCE_VALUE,False,False,F15;F45;F47;F44;F26;F19;F33;F40,C01;C05;C07;C08
C04,eastern-mediterranean-offshore-drilling-dispute-2019-2020,batch004,TERRITORIAL_DISPUTE,4,2019-11-11T23:59:58Z;2019-11-11T23:59:59Z;2020-02-27T23:59:58Z;2020-02-27T23:59:59Z,0,0,4,False,2019-04-01T23:59:59Z,2023-11-09T17:50:00Z,eastmed-crs-2019-04-01-hypothesis,eastmed-council-2023-11-09-outcome,UNEVALUABLE,"Drilling-related tension and restrictive measures persisted, but competing maritime, sovereignty and hydrocarbon-rights claims remained unresolved and the later sanctions renewal does not adjudicate those claims or establish a measurable economic outcome.",2026-09-26T20:15:00Z,False,False,null,null,True,True,False,QUALITATIVE_RISK,NO_PRECOMMITTED_CONFIDENCE_SOURCE;NO_SOURCE_GROUNDED_CONFIDENCE_VALUE,False,False,F15;F45;F47;F44;F30;F23;F37;F44,
C05,eu-battery-ipcei-state-aid-2019,batch003,SUBSIDY,2,2019-12-10T23:59:58Z;2019-12-10T23:59:59Z,0,0,2,False,2019-05-27T23:59:59Z,2025-09-16T23:59:59Z,battery-iea-2019-05-27-hypothesis,battery-ec-2025-09-16-outcome,PARTIAL_REALIZATION,"European battery capacity and direct employment expanded in the expected policy-supported direction, but the later sector outcome reflects demand growth, emissions policy, multiple IPCEIs and other public/private investment rather than the first battery IPCEI alone.",2026-09-26T19:19:00Z,False,False,null,null,True,False,False,QUALITATIVE_EXPECTATION,NO_PRECOMMITTED_CONFIDENCE_SOURCE;NO_SOURCE_GROUNDED_CONFIDENCE_VALUE,False,False,F15;F45;F47;F44;F28;F21;F35;F42,C03;C07;C08;C09
C06,eu-cbam-transitional-phase-2023,batch002,REGULATORY_CHANGE,3,2023-08-17T23:59:58Z;2023-08-17T23:59:59Z;2023-09-30T23:59:59Z,0,0,3,False,2021-07-14T23:59:59Z,2026-01-14T23:59:59Z,cbam-unctad-2021-07-14-hypothesis,cbam-ec-2026-01-14-outcome,UNEVALUABLE,"CBAM successfully transitioned from reporting pilot to definitive operation and generated measurable administrative/import volumes, but the admitted January 2026 evidence does not yet resolve UNCTAD's modeled medium-term trade-reallocation, developing-country export and global-emissions effects.",2026-09-26T20:15:00Z,False,False,null,null,False,False,False,QUALITATIVE_EXPECTATION,NO_PRECOMMITTED_CONFIDENCE_SOURCE;NO_SOURCE_GROUNDED_CONFIDENCE_VALUE,False,False,F15;F45;F47;F44;F30;F23;F37;F44,C11;C13
C07,eu-fifth-package-coal-and-port-restrictions-2022,batch003,EMBARGO;PORT_RESTRICTION,2,2022-04-08T23:59:58Z;2022-04-08T23:59:59Z,2,0,0,False,2022-07-28T23:59:59Z,2025-07-03T23:59:59Z,coal-iea-2022-07-28-hypothesis,coal-eurostat-2025-07-03-outcome,PARTIAL_REALIZATION,"Russian hard-coal imports collapsed and supplier diversification occurred in the expected direction, but the case bundle also contains a port-restriction leg and the broader coal-market reallocation reflected multiple sanctions, energy-security and market factors; the evidence therefore supports only partial realization.",2026-09-26T19:19:00Z,False,False,null,null,True,False,False,QUALITATIVE_EXPECTATION,NO_PRECOMMITTED_CONFIDENCE_SOURCE;NO_SOURCE_GROUNDED_CONFIDENCE_VALUE,False,False,F15;F45;F47;F44;F28;F21;F35;F42,C03;C05;C08;C15
C08,eu-russian-oil-import-restrictions-2022,batch001,IMPORT_RESTRICTION,4,2022-06-02T23:59:59Z;2022-06-03T00:00:00Z;2022-12-04T23:59:59Z;2023-02-04T23:59:59Z,2,0,2,False,2022-06-15T23:59:59Z,2023-09-25T23:59:59Z,eu-russian-oil-iea-2022-06-15-hypothesis,eu-russian-oil-eurostat-2023-09-25,PARTIAL_REALIZATION,"Russian petroleum-oil flows to the EU fell sharply and alternative suppliers gained share in the expected reallocation direction, but the observed trade shift reflects sanctions, war-related adjustments and market responses rather than a single isolated cause.",2026-09-26T13:20:00Z,False,False,null,null,True,False,False,QUALITATIVE_EXPECTATION,NO_PRECOMMITTED_CONFIDENCE_SOURCE;NO_SOURCE_GROUNDED_CONFIDENCE_VALUE,False,False,F15;F45;F47;F44;F25;F18;F32;F39,C03;C05;C07
C09,germany-uniper-nationalization-2022,batch002,NATIONALIZATION,3,2022-09-21T23:59:58Z;2022-09-21T23:59:59Z;2022-12-22T23:59:59Z,2,0,1,False,2022-12-21T23:59:59Z,2024-02-28T06:30:00Z,uniper-ec-2022-12-21-hypothesis,uniper-2024-02-28-outcome,PARTIAL_REALIZATION,"Uniper's financial position improved dramatically in 2023, consistent with stabilization, but Uniper attributed the result to several factors including commodity-price changes, hedging, gas-portfolio optimization and non-recurrence of replacement-procurement costs; recapitalisation is therefore not treated as the sole cause.",2026-09-26T14:20:00Z,False,False,null,null,True,False,False,QUALITATIVE_EXPECTATION,NO_PRECOMMITTED_CONFIDENCE_SOURCE;NO_SOURCE_GROUNDED_CONFIDENCE_VALUE,False,False,F15;F45;F47;F44;F27;F20;F34;F41,C05;C10;C13
C10,germany-wilhelmshaven-lng-commissioning-2022-2023,batch004,INFRASTRUCTURE_POLICY,5,2022-12-17T23:59:58Z;2022-12-17T23:59:59Z;2022-12-31T23:59:59Z;2023-03-01T23:59:58Z;2023-03-01T23:59:59Z,0,2,3,False,2022-09-29T23:59:59Z,2023-01-03T10:00:00Z,wilhelm-bnetza-2022-09-29-hypothesis,wilhelm-uniper-2023-01-03-firstcargo;wilhelm-uniper-2023-12-15-year1,PARTIAL_REALIZATION,"The terminal operated materially and supplied measurable gas volumes in the expected direction, but 'high utilization' and supply-security contribution were not defined as a numeric success threshold and system-level security attribution is multi-factor.",2026-09-26T12:47:00Z,False,False,null,null,True,False,False,OPERATIONAL_COMMITMENT,NO_PRECOMMITTED_CONFIDENCE_SOURCE;NO_SOURCE_GROUNDED_CONFIDENCE_VALUE,False,False,F15;F45;F47;F44;F24;F17;F31;F38,C09;C13;C14
C11,imo-sulphur-2020-regulation,batch002,REGULATORY_CHANGE,3,2016-10-28T23:59:58Z;2016-10-28T23:59:59Z;2019-12-31T23:59:59Z,2,0,1,False,2019-12-11T23:59:59Z,2021-01-28T23:59:59Z,imo2020-epa-2019-12-11-hypothesis,imo2020-imo-2021-01-28-outcome,PARTIAL_REALIZATION,"The regulation produced a large reduction in shipping sulfur-oxide emissions consistent with the expected health/welfare mechanism, but the independent historical hypothesis did not define a numeric outcome target.",2026-09-26T14:03:00Z,False,False,null,null,True,False,True,QUALITATIVE_EXPECTATION,NO_PRECOMMITTED_CONFIDENCE_SOURCE;NO_SOURCE_GROUNDED_CONFIDENCE_VALUE,False,False,F15;F45;F47;F44;F26;F19;F33;F40,C06;C13
C12,japan-korea-export-control-relations-2019,batch004,ECONOMICALLY_RELEVANT_DIPLOMATIC_CHANGE,4,2019-07-10T23:59:58Z;2019-07-10T23:59:59Z;2019-09-16T23:59:58Z;2019-09-16T23:59:59Z,4,0,0,False,2020-07-29T23:59:59Z,2023-03-16T23:59:59Z,japan-korea-wto-2020-07-29-hypothesis,japan-korea-motie-2023-03-16-outcome;japan-korea-meti-2023-03-17-outcome,UNEVALUABLE,"The dispute moved toward normalization and Korea withdrew its WTO complaint, but Korean MOTIE described Japan as suspending the three-item regulations while Japanese METI stated that the measures should not be understood as lifted and white-list status had not yet been restored. HYDRA preserves the conflicting characterization.",2026-09-26T20:15:00Z,False,False,null,null,True,True,False,QUALITATIVE_RISK,NO_PRECOMMITTED_CONFIDENCE_SOURCE;NO_SOURCE_GROUNDED_CONFIDENCE_VALUE,False,False,F15;F45;F47;F44;F30;F23;F37;F44,C22
C13,nord-stream-2-certification-state-2021-2022,batch004,INFRASTRUCTURE_POLICY;REGULATORY_CHANGE,3,2021-11-16T23:59:58Z;2021-11-16T23:59:59Z;2022-02-22T23:59:59Z,1,1,1,True,2021-11-16T23:59:59Z,2022-02-22T23:59:59Z,nord-bnetza-2021-11-16-hypothesis,nord-bmwk-2022-02-22-outcome,PARTIAL_REALIZATION,"The certification-block mechanism persisted in the expected direction, but the later halt arose from a separate security-of-supply reassessment rather than solely from the German-law organizational conditions identified in November 2021.",2026-09-26T20:15:00Z,False,False,null,null,True,False,False,TARGET_OR_OBJECTIVE,NO_PRECOMMITTED_CONFIDENCE_SOURCE;NO_SOURCE_GROUNDED_CONFIDENCE_VALUE,False,False,F15;F45;F47;F44;F30;F23;F37;F44,C06;C09;C10;C11;C14
C14,panama-canal-drought-transit-policy-2023,batch003,INFRASTRUCTURE_POLICY,5,2023-10-30T23:59:58Z;2023-10-30T23:59:59Z;2023-10-31T23:59:59Z;2023-12-15T23:59:59Z;2024-01-15T23:59:59Z,3,0,2,False,2023-11-15T23:59:59Z,2024-01-26T23:59:59Z,panama-imf-2023-11-15-hypothesis,panama-unctad-2024-01-26-transits,PARTIAL_REALIZATION,"The continuing drought-related trade restriction mechanism was observed in the expected direction, with UNCTAD later reporting a 36 percent year-over-year transit reduction, but this mapping does not treat the separate 18-ships-per-day operating projection as the success target of the selected qualitative hypothesis.",2026-09-26T13:20:00Z,False,False,null,null,True,False,True,QUALITATIVE_EXPECTATION,NO_PRECOMMITTED_CONFIDENCE_SOURCE;NO_SOURCE_GROUNDED_CONFIDENCE_VALUE,False,False,F15;F45;F47;F44;F25;F18;F32;F39,C02;C10;C13;C16
C15,russia-food-import-embargo-2014,batch003,EMBARGO,2,2014-08-07T23:59:58Z;2014-08-07T23:59:59Z,2,0,0,False,2014-08-11T23:59:59Z,2015-03-03T23:59:59Z,russia-worldbank-2014-08-11-hypothesis,russia-fao-2015-03-03-outcome,PARTIAL_REALIZATION,"Food-price inflation accelerated in the expected direction, but FAO explicitly attributed the observed rise to both ruble depreciation and the food embargo; the embargo is therefore not treated as a sole cause.",2026-09-26T19:45:00Z,False,False,null,null,True,False,False,QUALITATIVE_EXPECTATION,NO_PRECOMMITTED_CONFIDENCE_SOURCE;NO_SOURCE_GROUNDED_CONFIDENCE_VALUE,False,False,F15;F45;F47;F44;F29;F22;F36;F43,C02;C07
C16,suez-ever-given-2021,batch001,SHIPPING_DISRUPTION,6,2021-03-25T23:59:59Z;2021-03-26T00:00:00Z;2021-03-30T23:59:59Z;2021-03-31T00:00:00Z;2021-04-22T23:59:59Z;2021-04-23T00:00:00Z,2,2,2,False,2021-03-26T15:41:00Z,2021-03-31T23:59:59Z,suez-spglobal-2021-03-26-hypothesis,suez-sca-2021-03-31-traffic;suez-unctad-2021-04-23-freight,PARTIAL_REALIZATION,"Congestion/backlog and freight-pressure mechanisms were observed in the expected direction, but the hypothesis did not contain a numeric success target and freight-market attribution was not cleanly isolated from the wider disrupted market.",2026-09-26T12:47:00Z,False,False,null,null,True,False,False,QUALITATIVE_EXPECTATION,NO_PRECOMMITTED_CONFIDENCE_SOURCE;NO_SOURCE_GROUNDED_CONFIDENCE_VALUE,False,False,F15;F45;F47;F44;F24;F17;F31;F38,C02;C14
C17,us-china-section301-multi-stage-trade-dispute-2018,batch003,TRADE_DISPUTE,7,2018-06-15T23:59:58Z;2018-06-15T23:59:59Z;2018-07-05T23:59:59Z;2018-08-07T23:59:59Z;2018-08-22T23:59:59Z;2018-09-18T23:59:59Z;2018-09-23T23:59:59Z,5,0,2,False,2018-09-12T23:59:59Z,2023-03-15T23:59:59Z,section301-fed-beige-book-2018-09-12,section301-usitc-2023-03-15-effects,PARTIAL_REALIZATION,"Tariff-related input-price pressure and supply disruption appeared in the expected direction, and USITC later estimated causal effects on imports, prices and domestic production, but the historical hypothesis did not define a numeric success target.",2026-09-26T14:03:00Z,False,False,null,null,True,False,True,QUALITATIVE_EXPECTATION,NO_PRECOMMITTED_CONFIDENCE_SOURCE;NO_SOURCE_GROUNDED_CONFIDENCE_VALUE,False,False,F15;F45;F47;F44;F26;F19;F33;F40,C20;C22
C18,us-chips-act-2022,batch001,INDUSTRIAL_POLICY,4,2022-08-08T23:59:59Z;2022-08-09T00:00:00Z;2022-08-24T23:59:59Z;2022-08-25T00:00:00Z,0,0,4,False,2021-04-01T23:59:59Z,2024-08-09T23:59:59Z,chips-bcg-2021-04-01-hypothesis,chips-commerce-2024-08-09-outcome,UNEVALUABLE,"By August 2024 the CHIPS program had generated substantial proposed investment and new-facility commitments in the expected direction, but the historical hypothesis used a ten-year horizon and the admitted evidence is an interim implementation snapshot rather than a complete outcome window.",2026-09-26T14:20:00Z,False,True,null,null,False,False,False,QUALITATIVE_EXPECTATION,NO_PRECOMMITTED_CONFIDENCE_SOURCE;NO_SOURCE_GROUNDED_CONFIDENCE_VALUE,False,False,F15;F45;F47;F44;F27;F20;F34;F41,
C19,us-pdvsa-sanctions-2019,batch002,SANCTION,2,2019-01-28T23:59:58Z;2019-01-28T23:59:59Z,2,0,0,False,2019-05-20T23:59:59Z,2019-12-11T23:59:59Z,pdvsa-eia-2019-05-20-hypothesis,pdvsa-opec-2019-12-11-outcome,PARTIAL_REALIZATION,"Venezuelan crude production continued declining in the expected direction, but EIA explicitly identified sanctions alongside power outages, mismanagement, staffing and service-company losses, so single-cause attribution to PDVSA sanctions is not asserted.",2026-09-26T14:20:00Z,False,False,null,null,True,False,False,QUALITATIVE_EXPECTATION,NO_PRECOMMITTED_CONFIDENCE_SOURCE;NO_SOURCE_GROUNDED_CONFIDENCE_VALUE,False,False,F15;F45;F47;F44;F27;F20;F34;F41,C21
C20,us-section232-steel-tariff-2018,batch002,TARIFF,3,2018-03-15T23:59:58Z;2018-03-15T23:59:59Z;2018-03-23T03:59:59Z,3,0,0,False,2018-04-18T23:59:59Z,2023-03-15T23:59:59Z,section232-fed-beige-book-2018-04-18,section232-usitc-2023-03-15-effects,PARTIAL_REALIZATION,"Tariff-related steel price pressure anticipated by Federal Reserve contacts was later supported by USITC causal estimates of higher steel prices, lower affected imports and higher domestic production, but the historical hypothesis did not specify a numeric success target.",2026-09-26T13:20:00Z,False,False,null,null,True,False,True,QUALITATIVE_EXPECTATION,NO_PRECOMMITTED_CONFIDENCE_SOURCE;NO_SOURCE_GROUNDED_CONFIDENCE_VALUE,False,False,F15;F45;F47;F44;F25;F18;F32;F39,C17
C21,us-section45x-advanced-manufacturing-incentive-2022,batch004,INCENTIVE,5,2022-08-16T23:59:58Z;2022-08-16T23:59:59Z;2022-12-31T23:59:59Z;2023-12-14T23:59:58Z;2023-12-14T23:59:59Z,3,0,2,False,2023-05-12T23:59:59Z,2024-10-24T23:59:59Z,45x-doe-2023-05-12-hypothesis,45x-treasury-2024-10-24-outcome,PARTIAL_REALIZATION,"Large clean-energy manufacturing investment occurred in the expected direction and Treasury identified 45X as a major driver, but DOE's historical mechanism was explicitly described alongside domestic-content and other complementary incentives, so single-policy attribution is not clean.",2026-09-26T19:19:00Z,False,False,null,null,True,False,False,QUALITATIVE_EXPECTATION,NO_PRECOMMITTED_CONFIDENCE_SOURCE;NO_SOURCE_GROUNDED_CONFIDENCE_VALUE,False,False,F15;F45;F47;F44;F28;F21;F35;F42,C19
C22,wto-china-rare-earths-resource-dispute-2014-2015,batch003,STRATEGIC_RESOURCE_DISPUTE,4,2014-08-29T23:59:58Z;2014-08-29T23:59:59Z;2015-05-20T23:59:58Z;2015-05-20T23:59:59Z,0,1,3,False,2014-03-26T23:59:59Z,2015-05-20T23:59:59Z,rareearth-ustr-2014-03-26-hypothesis,rareearth-wto-2015-05-20-outcome,UNEVALUABLE,"The challenged duties, quotas and specified trading-right restrictions were reported removed, but the WTO record preserves a U.S. concern that a remaining licensing requirement could itself restrict exports and records disagreement over full compliance. The case therefore remains UNEVALUABLE rather than forcing a compliance verdict.",2026-09-26T19:45:00Z,False,False,null,null,True,True,False,QUALITATIVE_RISK,NO_PRECOMMITTED_CONFIDENCE_SOURCE;NO_SOURCE_GROUNDED_CONFIDENCE_VALUE,False,False,F15;F45;F47;F44;F29;F22;F36;F43,C12;C17
